{"cameraMode":{"drawMode":0,"name":"Shaded","section":"Shading Mode"},"sceneLighting":false,"audioPlay":false,"sceneViewState":{"m_AlwaysRefresh":false,"showFog":true,"showSkybox":false,"showFlares":true,"showImageEffects":true,"showParticleSystems":true,"showVisualEffectGraphs":true,"m_FxEnabled":true},"in2DMode":false,"pivot":{"x":60.315250396728519,"y":16.40999984741211,"z":71.35861206054688},"rotation":{"x":0.07482177764177323,"y":-0.13703712821006776,"z":0.03639890253543854,"w":0.9880160689353943},"size":4.3734235763549809,"orthographic":false}