{"cameraMode":{"drawMode":0,"name":"Shaded","section":"Shading Mode"},"sceneLighting":false,"audioPlay":false,"sceneViewState":{"m_AlwaysRefresh":false,"showFog":true,"showSkybox":false,"showFlares":true,"showImageEffects":true,"showParticleSystems":true,"showVisualEffectGraphs":true,"m_FxEnabled":true},"in2DMode":false,"pivot":{"x":29.590364456176759,"y":6.509999752044678,"z":56.32037353515625},"rotation":{"x":-0.3149741291999817,"y":0.007149198092520237,"z":-0.03037574328482151,"w":-0.9496074318885803},"size":12.607739448547364,"orthographic":false}