{"cameraMode":{"drawMode":0,"name":"Shaded","section":"Shading Mode"},"sceneLighting":true,"audioPlay":false,"sceneViewState":{"m_AlwaysRefresh":false,"showFog":true,"showSkybox":true,"showFlares":true,"showImageEffects":true,"showParticleSystems":true,"showVisualEffectGraphs":true,"m_FxEnabled":true},"in2DMode":false,"pivot":{"x":10.558253288269043,"y":-14.007368087768555,"z":55.35647201538086},"rotation":{"x":-0.29807621240615847,"y":0.0029923547990620138,"z":-0.023865653201937677,"w":-0.9551928043365479},"size":134.56063842773438,"orthographic":false}