{"cameraMode":{"drawMode":0,"name":"Shaded","section":"Shading Mode"},"sceneLighting":true,"audioPlay":false,"sceneViewState":{"m_AlwaysRefresh":false,"showFog":true,"showSkybox":true,"showFlares":true,"showImageEffects":true,"showParticleSystems":true,"showVisualEffectGraphs":true,"m_FxEnabled":true},"in2DMode":false,"pivot":{"x":38.533138275146487,"y":7.274616241455078,"z":34.57048034667969},"rotation":{"x":-0.26174432039260867,"y":0.19843891263008119,"z":-0.05581201985478401,"w":-0.9429820775985718},"size":111.70951080322266,"orthographic":false}