{"cameraMode":{"drawMode":0,"name":"Shaded","section":"Shading Mode"},"sceneLighting":false,"audioPlay":false,"sceneViewState":{"m_AlwaysRefresh":false,"showFog":true,"showSkybox":false,"showFlares":true,"showImageEffects":true,"showParticleSystems":true,"showVisualEffectGraphs":true,"m_FxEnabled":true},"in2DMode":false,"pivot":{"x":10.199999809265137,"y":11.109999656677246,"z":30.790000915527345},"rotation":{"x":-0.17788928747177125,"y":0.14700643718242646,"z":-0.048901863396167758,"w":-0.9727001786231995},"size":63.047054290771487,"orthographic":false}